omission_strategy,BERTScore F1,SBERT Similarity,LLM Answer Similarity,Rejection Accuracy,Judge: Rephrase Quality,Judge: Answer Correctness
omit_1_question,0.9114086488400072,0.8092765718655769,0.6678277267917347,0.7921727395411606,4.106612685560054,4.4854925775978405
omit_2_questions,0.8988300812914866,0.777304917134457,0.648036509333881,0.7321673525377229,3.9170096021947876,4.364197530864198
